{"LSmallToe_y": 671.52, "LSmallToe_x": 547.916, "RHeel_x": 478.119, "RHeel_y": 642.768, "LAnkle_x": 535.586, "LAnkle_y": 642.684, "LWrist_x": 514.913, "LWrist_y": 325.671, "RElbow_x": 412.3, "RElbow_y": 300.986, "LKnee_y": 510.857, "LKnee_x": 519.095, "RHip_x": 445.075, "RHip_y": 383.413, "Nose_x": 477.936, "Nose_y": 148.739, "REar_x": 449.207, "RKnee_y": 511.1, "RKnee_x": 461.48, "REar_y": 148.722, "RAnkle_x": 473.78, "REye_x": 473.672, "REye_y": 144.47, "LHeel_x": 527.392, "LHeel_y": 654.881, "RAnkle_y": 638.528, "LElbow_x": 560.309, "LElbow_y": 284.575, "RSmallToe_x": 441.015, "LHip_x": 511.058, "LShoulder_x": 539.46, "LShoulder_y": 214.625, "LEye_x": 490.289, "LEye_y": 144.492, "RSmallToe_y": 671.184, "LHip_y": 383.262, "MidHip_x": 478.092, "MidHip_y": 383.318, "Neck_x": 477.98, "Neck_y": 218.568, "RWrist_x": 412.207, "RWrist_y": 346.307, "RShoulder_x": 424.441, "RShoulder_y": 218.75, "LEar_y": 148.708, "LEar_x": 506.906, "RBigToe_x": 449.263, "RBigToe_y": 675.35, "LBigToe_x": 539.486, "LBigToe_y": 675.45}