{"LSmallToe_y": 0.0, "LSmallToe_x": 0.0, "RHeel_x": 0.0, "RHeel_y": 0.0, "LAnkle_x": 0.0, "LAnkle_y": 0.0, "LWrist_x": 0.0, "LWrist_y": 0.0, "RElbow_x": 737.531, "RElbow_y": 169.363, "LKnee_y": 0.0, "LKnee_x": 0.0, "RHip_x": 0.0, "RHip_y": 0.0, "Nose_x": 0.0, "Nose_y": 0.0, "REar_x": 0.0, "RKnee_y": 0.0, "RKnee_x": 0.0, "REar_y": 0.0, "RAnkle_x": 0.0, "REye_x": 0.0, "REye_y": 0.0, "LHeel_x": 0.0, "LHeel_y": 0.0, "RAnkle_y": 0.0, "LElbow_x": 0.0, "LElbow_y": 0.0, "RSmallToe_x": 0.0, "LHip_x": 0.0, "LShoulder_x": 0.0, "LShoulder_y": 0.0, "LEye_x": 0.0, "LEye_y": 0.0, "RSmallToe_y": 0.0, "LHip_y": 0.0, "MidHip_x": 0.0, "MidHip_y": 0.0, "Neck_x": 0.0, "Neck_y": 0.0, "RWrist_x": 869.458, "RWrist_y": 111.567, "RShoulder_x": 737.601, "RShoulder_y": 10.7157, "LEar_y": 0.0, "LEar_x": 0.0, "RBigToe_x": 0.0, "RBigToe_y": 0.0, "LBigToe_x": 0.0, "LBigToe_y": 0.0}